Altium Designer Pick and Place Locations
C:\Projects\pcbreathe\Project Outputs for RespiraWorks Ventilator\ASSY PKG\Pick Place for RespiraWorks Ventilator Rev 1.csv

========================================================================================================================
File Design Information:

Date:       24/04/20
Time:       21:10
Revision:   9b0ded0c63d687f686e48dc94e329c169ab012c5
Variant:    No variations
Units used: mil

"Designator","Comment","Layer","Footprint","Center-X(mil)","Center-Y(mil)","Rotation","Description"
"C40","CAP 0603","TopLayer","CAP0603","5708.658","3444.883","270","Cap 0603"
"R77","RES 0603","TopLayer","RES0603","6377.956","3767.715","90","Res 0603"
"R76","RES 0603","TopLayer","RES0603","6452.759","3767.715","90","Res 0603"
"R75","RES 0603","TopLayer","RES0603","5610.239","3767.715","90","Res 0603"
"R74","RES 0603","TopLayer","RES0603","5685.043","3767.715","90","Res 0603"
"R73","RES 0603","TopLayer","RES0603","4358.271","3767.715","90","Res 0603"
"R72","RES 0603","TopLayer","RES0603","4433.074","3767.715","90","Res 0603"
"TP13","TP-SMT","TopLayer","TP-5015","3798.032","3425.197","360","Keystone 5015 SMT Mini Testpoint"
"TP12","TP-SMT","TopLayer","TP-5015","6409.449","3374.016","180","Keystone 5015 SMT Mini Testpoint"
"TP11","TP-SMT","TopLayer","TP-5015","5830.709","3374.016","180","Keystone 5015 SMT Mini Testpoint"
"TP10","TP-SMT","TopLayer","TP-5015","6248.032","3677.165","360","Keystone 5015 SMT Mini Testpoint"
"C39","CAP 0603","TopLayer","CAP0603","6212.595","3401.576","270","Cap 0603"
"C38","CAP 0603","TopLayer","CAP0603","6125.981","3590.553","270","Cap 0603"
"R2","RES 0603","TopLayer","RES0603","4177.165","3769.683","90","Res 0603"
"R1","RES 0603","TopLayer","RES0603","4251.968","3769.683","90","Res 0603"
"C37","CAP 1210","TopLayer","CAP1210","2602.362","3358.268","360","Cap 1210"
"TP9","TP-SMT","TopLayer","TP-5015","4192.913","3425.197","360","Keystone 5015 SMT Mini Testpoint"
"TP8","TP-SMT","TopLayer","TP-5015","3996.063","3425.197","360","Keystone 5015 SMT Mini Testpoint"
"TP7","TP-SMT","TopLayer","TP-5015","6444.882","2125.984","90","Keystone 5015 SMT Mini Testpoint"
"TP6","TP-SMT","TopLayer","TP-5015","6448.819","2413.386","90","Keystone 5015 SMT Mini Testpoint"
"TP5","TP-SMT","TopLayer","TP-5015","6448.819","2700.787","90","Keystone 5015 SMT Mini Testpoint"
"TP4","TP-SMT","TopLayer","TP-5015","2842.520","3909.449","90","Keystone 5015 SMT Mini Testpoint"
"TP3","TP-SMT","TopLayer","TP-5015","6448.819","3094.488","90","Keystone 5015 SMT Mini Testpoint"
"TP2","TP-SMT","TopLayer","TP-5015","1326.772","3615.151","180","Keystone 5015 SMT Mini Testpoint"
"TP1","TP-SMT","TopLayer","TP-5015","196.850","3846.457","360","Keystone 5015 SMT Mini Testpoint"
"J10","B2P-VH(LF)(SN)","TopLayer","B2P-VH(LF)(SN)","1456.693","4094.488","180","JST-VH HEADER VERT 2POS 3.96MM"
"C36","CAP 0603","TopLayer","CAP0603","283.468","3177.164","90","Cap 0603"
"C35","CAP 0603","TopLayer","CAP0603","208.665","3177.164","90","Cap 0603"
"C25","CAP 0603","TopLayer","CAP0603","1055.121","3220.471","90","Cap 0603"
"P3","Header 19X2","TopLayer","PPPC192LFBN-RC","3800.000","2204.724","90","Female Header, 0.100" Pitch, 19x2"
"P2","Header 19X2","TopLayer","PPPC192LFBN-RC","6200.000","2204.724","90","Female Header, 0.100" Pitch, 19x2"
"R68","RES 0603","TopLayer","RES0603","4000.002","1925.200","180","Res 0603"
"R71","RES 0603","TopLayer","RES0603","3999.998","2354.327","360","Res 0603"
"R70","RES 0603","TopLayer","RES0603","3999.998","1850.391","360","Res 0603"
"R69","RES 0603","TopLayer","RES0603","4000.002","2429.924","180","Res 0603"
"R67","RES 0603","TopLayer","RES0603","7240.161","3421.258","90","Res 0603"
"R66","RES 0603","TopLayer","RES0603","7314.964","3421.258","90","Res 0603"
"R65","RES 0603","TopLayer","RES0603","3913.389","559.053","90","Res 0603"
"J4","503182-1852","TopLayer","503182-1852","4287.598","382.579","180","10 _8 + 2_ Position Card Connector microSD Surface Mount, Right Angle Gold"
"C24","CAP 0603","TopLayer","CAP0603","4653.540","122.049","270","Cap 0603"
"C23","CAP 0603","TopLayer","CAP0603","4728.343","122.049","270","Cap 0603"
"U6","STWD100NYWY3F","TopLayer","5-SOT23","6086.614","3433.071","0","Watchdog Timer Circuit, 1.6s timeout"
"R64","RES 0603","TopLayer","RES0603","6287.398","3401.577","90","Res 0603"
"R63","RES 0603","TopLayer","RES0603","5956.690","3413.387","270","Res 0603"
"R62","RES 0603","TopLayer","RES0603","1204.721","2220.474","270","Res 0603"
"R61","RES 0603","TopLayer","RES0603","2086.611","2208.663","270","Res 0603"
"R60","RES 0603","TopLayer","RES0603","1279.531","2220.471","90","Res 0603"
"R59","RES 0603","TopLayer","RES0603","2161.421","2208.660","90","Res 0603"
"R58","RES 0603","TopLayer","RES0603","6622.044","2137.797","270","Res 0603"
"R57","RES 0603","TopLayer","RES0603","6622.044","2413.387","270","Res 0603"
"R56","RES 0603","TopLayer","RES0603","6622.044","2696.852","270","Res 0603"
"R55","RES 0603","TopLayer","RES0603","1787.405","2174.487","90","Res 0603"
"R54","RES 0603","TopLayer","RES0603","2673.231","2062.991","90","Res 0603"
"R22","RES 0603","TopLayer","RES0603","1440.948","2173.227","90","Res 0603"
"R21","RES 0603","TopLayer","RES0603","6484.255","1940.943","90","Res 0603"
"R20","RES 0603","TopLayer","RES0603","6476.381","1106.298","90","Res 0603"
"R19","RES 0603","TopLayer","RES0603","6691.657","3228.345","90","Res 0603"
"C22","CAP 0603","TopLayer","CAP0603","6047.241","3594.490","270","Cap 0603"
"J9","B3B-PH-K-S(LF)(SN)","TopLayer","JST_B3B-XH-AM","2019.685","4094.488","180","CONN HEADER PH TOP 3POS 2MM"
"U9","TCA9544APWR","TopLayer","20-pw","5098.425","3523.622","360","IC I2C SW 4CH W/RESET 20TSSOP"
"R53","RES 0603","TopLayer","RES0603","2775.592","3314.964","180","Res 0603"
"R52","RES 0603","TopLayer","RES0603","2775.592","3240.161","180","Res 0603"
"R51","RES 0603","TopLayer","RES0603","2059.057","3314.964","180","Res 0603"
"R50","RES 0603","TopLayer","RES0603","2059.057","3240.161","180","Res 0603"
"R49","RES 0603","TopLayer","RES0603","4000.002","2255.909","180","Res 0603"
"R48","RES 0603","TopLayer","RES0603","4000.002","1401.578","180","Res 0603"
"R47","RES 0603","TopLayer","RES0603","4000.002","1503.940","180","Res 0603"
"R46","RES 0603","TopLayer","RES0603","6062.995","3858.266","90","Res 0603"
"R45","RES 0603","TopLayer","RES0603","6161.421","3858.581","90","Res 0603"
"R44","RES 0603","TopLayer","RES0603","6259.846","3858.581","90","Res 0603"
"R43","RES 0603","TopLayer","RES0603","5334.649","3858.266","90","Res 0603"
"R42","RES 0603","TopLayer","RES0603","5433.074","3858.266","90","Res 0603"
"R41","RES 0603","TopLayer","RES0603","5531.499","3858.266","90","Res 0603"
"R40","RES 0603","TopLayer","RES0603","4606.302","3858.266","90","Res 0603"
"R39","RES 0603","TopLayer","RES0603","4704.728","3858.266","90","Res 0603"
"R38","RES 0603","TopLayer","RES0603","4803.153","3858.266","90","Res 0603"
"R37","RES 0603","TopLayer","RES0603","3877.956","3858.266","90","Res 0603"
"R36","RES 0603","TopLayer","RES0603","3976.381","3858.266","90","Res 0603"
"R35","RES 0603","TopLayer","RES0603","4074.806","3858.266","90","Res 0603"
"R34","RES 0603","TopLayer","RES0603","1787.398","2040.632","270","Res 0603"
"R33","RES 0603","TopLayer","RES0603","2673.225","1929.136","270","Res 0603"
"R32","RES 0603","TopLayer","RES0603","1440.942","2039.372","270","Res 0603"
"R31","RES 0603","TopLayer","RES0603","6830.706","1688.978","270","Res 0603"
"R30","RES 0603","TopLayer","RES0603","6830.706","704.726","270","Res 0603"
"R29","RES 0603","TopLayer","RES0603","6830.706","2681.104","270","Res 0603"
"R28","RES 0603","TopLayer","RES0603","6484.249","1807.088","270","Res 0603"
"R27","RES 0603","TopLayer","RES0603","6476.375","972.442","270","Res 0603"
"R26","RES 0603","TopLayer","RES0603","6691.650","3094.490","270","Res 0603"
"R25","RES 0603","TopLayer","RES0603","6830.712","1846.455","90","Res 0603"
"R24","RES 0603","TopLayer","RES0603","6830.712","870.077","90","Res 0603"
"R23","RES 0603","TopLayer","RES0603","6830.712","2830.707","90","Res 0603"
"Q9","MMBT3904","TopLayer","3-SOT23","1917.323","2052.441","270","Transistor, BJT NPN, General Purpose 40V"
"Q8","MMBT3904","TopLayer","3-SOT23","2803.150","1940.945","270","Transistor, BJT NPN, General Purpose 40V"
"Q7","MMBT3904","TopLayer","3-SOT23","1570.866","2051.181","270","Transistor, BJT NPN, General Purpose 40V"
"Q6","MMBT3904","TopLayer","3-SOT23","6614.173","1818.898","270","Transistor, BJT NPN, General Purpose 40V"
"Q5","MMBT3904","TopLayer","3-SOT23","6606.299","984.252","270","Transistor, BJT NPN, General Purpose 40V"
"Q4","MMBT3904","TopLayer","3-SOT23","6819.559","3101.079","270","Transistor, BJT NPN, General Purpose 40V"
"J8","B5B-PH-K-S(LF)(SN)","TopLayer","JST_B5B-XH-AM","6192.913","4094.488","180","CONN HEADER PH TOP 5POS 2MM"
"J7","B5B-PH-K-S(LF)(SN)","TopLayer","JST_B5B-XH-AM","5464.567","4094.488","180","CONN HEADER PH TOP 5POS 2MM"
"J6","B5B-PH-K-S(LF)(SN)","TopLayer","JST_B5B-XH-AM","4736.220","4094.488","180","CONN HEADER PH TOP 5POS 2MM"
"F3","0ZCF0200AF2C","TopLayer","FUSE2920","2361.811","3543.307","270","PTC Fuse, 2A Hold, 24V, 2920 size"
"F2","0ZCF0200AF2C","TopLayer","FUSE2920","1633.858","3543.307","270","PTC Fuse, 2A Hold, 24V, 2920 size"
"D12","LED 3528 YELLOW 450MCD","BottomLayer","2-LED3528","7204.723","1673.232","360","LED 3528 YELLOW 450mcd"
"D11","LED 3528 RED 450MCD","BottomLayer","2-LED3528","7204.723","688.980","360","LED 3528 RED 450mcd"
"D10","LED 3528 GREEN 500MCD","BottomLayer","2-LED3528","7204.723","2657.483","360","LED 3528 GREEN 500mcd"
"D9","LED 3528 YELLOW 450MCD","BottomLayer","2-LED3528","7204.723","1870.082","360","LED 3528 YELLOW 450mcd"
"D8","LED 3528 RED 450MCD","BottomLayer","2-LED3528","7204.723","885.830","360","LED 3528 RED 450mcd"
"D7","LED 3528 GREEN 500MCD","BottomLayer","2-LED3528","7204.710","2854.334","360","LED 3528 GREEN 500mcd"
"C34","CAP 0603","TopLayer","CAP0603","2775.592","3389.767","180","Cap 0603"
"C33","CAP 0603","TopLayer","CAP0603","2059.450","3389.773","180","Cap 0603"
"C32","CAP 0603","TopLayer","CAP0603","5964.570","3858.581","90","Cap 0603"
"C31","CAP 0603","TopLayer","CAP0603","5236.224","3858.266","90","Cap 0603"
"C30","CAP 0603","TopLayer","CAP0603","4507.877","3858.266","90","Cap 0603"
"C29","CAP 0603","TopLayer","CAP0603","3779.531","3858.266","90","Cap 0603"
"C28","CAP 0603","TopLayer","CAP0603","5177.164","3708.658","360","Cap 0603"
"J5","B6B-PH-K-S(LF)(SN)","TopLayer","JST_B6B-XH-AM","3210.630","4094.488","180","CONN HEADER PH TOP 6POS 2MM"
"J3","B2B-PH-K-S(LF)(SN)","TopLayer","JST_B2B-XH-AM","2542.520","4094.488","180","CONN HEADER PH TOP 2POS 2MM"
"J2","B5B-PH-K-S(LF)(SN)","TopLayer","JST_B5B-XH-AM","4007.874","4094.488","180","CONN HEADER PH TOP 5POS 2MM"
"U5","MPXV5004DP","TopLayer","8-SOP-MPXV","7204.724","787.402","270","Pressure Sensor 0.57PSI (3.92kPa) Differential Male - 0.13" (3.3mm) Tube, Dual 1 V ~ 4.9 V 8-BSOP (0.475", 12.06mm Width) Dual Ports, Same Side"
"U4","MPXV5004DP","TopLayer","8-SOP-MPXV","7204.724","1771.654","270","Pressure Sensor 0.57PSI (3.92kPa) Differential Male - 0.13" (3.3mm) Tube, Dual 1 V ~ 4.9 V 8-BSOP (0.475", 12.06mm Width) Dual Ports, Same Side"
"U3","MPXV5004DP","TopLayer","8-SOP-MPXV","7204.712","2755.905","270","Pressure Sensor 0.57PSI (3.92kPa) Differential Male - 0.13" (3.3mm) Tube, Dual 1 V ~ 4.9 V 8-BSOP (0.475", 12.06mm Width) Dual Ports, Same Side"
"S1","CT-1205H-SMT-TR","TopLayer","CT-1205H-SMT-TR","3299.213","3625.984","0","Buzzers Transducer, Externally Driven Magnetic 5V 60mA 2.4kHz 88dB @ 5V, 10cm Surface Mount Solder Pads"
"R16","RES 0603","TopLayer","RES0603","5874.405","2637.791","90","Res 0603"
"R15","RES 0603","TopLayer","RES0603","5948.816","2637.794","270","Res 0603"
"R14","RES 0603","TopLayer","RES0603","6696.847","2137.797","270","Res 0603"
"R13","RES 0603","TopLayer","RES0603","6696.847","2414.214","270","Res 0603"
"R12","RES 0603","TopLayer","RES0603","6696.847","2696.852","270","Res 0603"
"R4","RES 0603","TopLayer","RES0603","3500.003","3248.030","90","Res 0603"
"R3","RES 0603","TopLayer","RES0603","3500.003","3114.172","90","Res 0603"
"Q3","FDS4672A","TopLayer","8-SOIC","2636.417","3594.052","90","Transistor, BJT NPN, General Purpose 40V"
"Q2","FDS4672A","TopLayer","8-SOIC","1909.449","3592.323","90","Transistor, BJT NPN, General Purpose 40V"
"Q1","MMBT3904","TopLayer","3-SOT23","3370.090","3228.347","90","Transistor, BJT NPN, General Purpose 40V"
"D6","S8MC-13","TopLayer","DO-214AC","2425.197","3834.646","360","Ultra-Fast Signal Diode, Silicon, 100V, 300mA"
"D5","S8MC-13","TopLayer","DO-214AC","1870.079","3842.520","360","Ultra-Fast Signal Diode, Silicon, 100V, 300mA"
"D1","TVS Zener","TopLayer","SOD-123F","1102.362","3598.425","90","TVS Diode, Zener, 15V Standoff, 24V Clamp, 8.2A"
"C21","CAP 1210","TopLayer","CAP1210","1884.449","3356.890","360","Cap 1210"
"C20","CAP 0603","TopLayer","CAP0603","6019.685","2637.791","90","Cap 0603"
"C19","CAP 0603","TopLayer","CAP0603","7220.471","1228.343","360","Cap 0603"
"C18","CAP 0603","TopLayer","CAP0603","7220.471","1303.146","360","Cap 0603"
"C17","CAP 0603","TopLayer","CAP0603","6547.241","2137.797","270","Cap 0603"
"C16","CAP 0603","TopLayer","CAP0603","7051.184","1259.841","90","Cap 0603"
"C15","CAP 0603","TopLayer","CAP0603","7220.471","2208.658","360","Cap 0603"
"C14","CAP 0603","TopLayer","CAP0603","7220.471","2283.461","360","Cap 0603"
"C13","CAP 0603","TopLayer","CAP0603","6547.241","2413.387","270","Cap 0603"
"C12","CAP 0603","TopLayer","CAP0603","7051.184","2240.156","90","Cap 0603"
"C11","CAP 0603","TopLayer","CAP0603","7208.660","3192.910","360","Cap 0603"
"C10","CAP 0603","TopLayer","CAP0603","7208.660","3267.713","360","Cap 0603"
"C9","CAP 0603","TopLayer","CAP0603","6547.241","2696.852","270","Cap 0603"
"C8","CAP 0603","TopLayer","CAP0603","7055.121","3228.345","90","Cap 0603"
"C4","CAP 1210","TopLayer","CAP1210","1165.348","3190.742","270","Cap 1210"
"U1","NUCLEO-L452RE","TopLayer","NUCLEO-64","4907.500","2179.724","180","STM32F446RE Nucleo MCU Board"
"U2","TPS54360","TopLayer","DDA","825.817","3283.465","180","DC-DC Buck, 60V Input, 3.5A Int Sw, Ultra Low Quiescent Power"
"R6","RES 0603","TopLayer","RES0603","274.601","3323.817","90","Res 0603"
"R5","RES 0603","TopLayer","RES0603","1251.970","3411.220","180","Res 0603"
"R9","RES 0603","TopLayer","RES0603","1055.121","3366.140","90","Res 0603"
"R11","RES 0603","TopLayer","RES0603","354.334","3524.605","90","Res 0603"
"R10","RES 0603","TopLayer","RES0603","196.847","3323.820","270","Res 0603"
"R8","RES 0603","TopLayer","RES0603","1251.967","3335.033","360","Res 0603"
"R7","RES 0603","TopLayer","RES0603","98.428","3326.770","90","Res 0603"
"L1","SRP5015TA-3R3M","TopLayer","SRP5015","480.317","3251.967","180","Inductor, 501 Series, Shielded 2.2uH, 4A"
"J1","B3P-VH(LF)(SN)","TopLayer","B3P-VH(LF)(SN)","688.976","4094.488","180","JST-VH HEADER VERT 3POS 3.96MM"
"F1","Fast Blow","TopLayer","0154","807.087","3544.291","360","Fast Blow Nano Fuse in Holder, 10A, 125V"
"D4","LED 0603","TopLayer","LED0603","118.113","3651.580","270","LED 0603"
"D3","","TopLayer","DO-214AC","641.732","3051.181","360","DIODE SCHOTTKY 60V 3A SMA"
"C2","CAP 0603","TopLayer","CAP0603","5964.564","2133.860","270","Cap 0603"
"C1","CAP 0603","TopLayer","CAP0603","6039.373","2133.857","270","Cap 0603"
"C6","CAP 0603","TopLayer","CAP0603","429.137","3524.605","90","Cap 0603"
"C7","CAP 0603","TopLayer","CAP0603","393.699","3630.902","360","Cap 0603"
"C3","CAP 0603","TopLayer","CAP0603","862.203","3118.107","360","Cap 0603"
"C5","CAP 1210","TopLayer","CAP1210","102.362","3153.543","270","Cap 1210"
"C27","CAP 0603","TopLayer","CAP0603","3015.750","2685.043","180","Cap 0603"
"C26","CAP 0603","TopLayer","CAP0603","3015.750","2610.239","180","Cap 0603"
"U8","RpiB+Footprint-UpsideDown-Direct","TopLayer","RpiB+UpsideDown-Direct","2086.614","1457.520","180","Raspberry Pi B+ Footprint direct on PCB"
"R18","RES 0603","TopLayer","RES0603","2936.611","2216.537","270","Res 0603"
"R17","RES 0603","TopLayer","RES0603","2838.579","2216.537","270","Res 0603"
"P1","0.100" Sockets","TopLayer","ESQ-120-44-L-D","2086.614","2422.087","360","Tall Female Header 0.100" Pitch 20x2 Sockets"
