Ref,Val,Package,PosX,PosY,Rot,Side
"BT1","CR2016","BatteryHolder_CR2016_MPD_BLP2016SM-G",224.729000,-130.114000,270.000000,top
"C1","33uF","CP_Elec_6.3x7.7",332.400000,-38.100000,270.000000,top
"C2","10uF","C_1210_3225Metric",142.900000,-109.550000,180.000000,top
"C3","10uF","C_1210_3225Metric",142.900000,-106.300000,180.000000,top
"C4","100nF","C_0603_1608Metric",143.400000,-103.800000,0.000000,top
"C5","10nF","C_0603_1608Metric",147.400000,-104.050000,0.000000,top
"C6","4.7nF","C_0603_1608Metric",149.400000,-95.300000,90.000000,top
"C7","18pF","C_0603_1608Metric",147.150000,-94.300000,0.000000,top
"C8","100nF","C_0603_1608Metric",142.150000,-100.050000,270.000000,top
"C9","100nF","C_0603_1608Metric",128.900000,-102.050000,180.000000,top
"C10","1uF","C_0603_1608Metric",128.900000,-103.550000,180.000000,top
"C11","47uF","C_1210_3225Metric",129.650000,-106.050000,180.000000,top
"C12","1uF","C_0603_1608Metric",297.000000,-82.750000,270.000000,top
"C13","1uF","C_0603_1608Metric",294.750000,-87.500000,0.000000,top
"C14","10uF","C_1210_3225Metric",119.900000,-63.950000,0.000000,top
"C15","10uF","C_1210_3225Metric",119.900000,-67.200000,0.000000,top
"C16","100nF","C_0603_1608Metric",119.400000,-69.700000,180.000000,top
"C17","10nF","C_0603_1608Metric",115.400000,-69.450000,180.000000,top
"C18","4.7nF","C_0603_1608Metric",113.400000,-78.200000,270.000000,top
"C19","18pF","C_0603_1608Metric",115.650000,-79.200000,180.000000,top
"C20","100nF","C_0603_1608Metric",120.650000,-73.450000,90.000000,top
"C21","100nF","C_0603_1608Metric",133.900000,-71.450000,0.000000,top
"C22","1uF","C_0603_1608Metric",133.900000,-69.950000,0.000000,top
"C23","47uF","C_1210_3225Metric",133.150000,-67.450000,0.000000,top
"C24","1uF","C_0603_1608Metric",298.000000,-76.000000,90.000000,top
"C25","1uF","C_0603_1608Metric",300.250000,-71.250000,180.000000,top
"C26","100nF","C_0603_1608Metric",175.834000,-72.329000,270.000000,top
"C27","TBD","C_0603_1608Metric",186.375000,-44.897000,270.000000,top
"C28","TBD","C_0603_1608Metric",186.375000,-47.945000,90.000000,top
"C29","18pF","C_0603_1608Metric",218.887000,-59.248000,90.000000,top
"C30","18pF","C_0603_1608Metric",217.490000,-46.675000,270.000000,top
"C31","1uF","C_0603_1608Metric",343.200000,-47.800000,180.000000,top
"C32","100nF","C_0603_1608Metric",343.212500,-46.000000,180.000000,top
"C33","6.8pF","C_0603_1608Metric",193.487000,-68.011000,270.000000,top
"C34","6.8pF","C_0603_1608Metric",201.361000,-68.773000,270.000000,top
"C35","1uF","C_0603_1608Metric",187.264000,-64.963000,180.000000,top
"C36","100nF","C_0603_1608Metric",207.965000,-62.550000,270.000000,top
"C37","100nF","C_0603_1608Metric",203.647000,-69.535000,0.000000,top
"C38","100nF","C_0603_1608Metric",199.456000,-63.058000,270.000000,top
"C39","100nF","C_0603_1608Metric",211.300000,-57.200000,180.000000,top
"C40","100nF","C_0603_1608Metric",209.500000,-45.200000,270.000000,top
"C41","100nF","C_0603_1608Metric",192.471000,-42.611000,270.000000,top
"C42","10uF","C_1210_3225Metric",189.300000,-59.100000,90.000000,top
"C43","100nF","C_0603_1608Metric",205.552000,-63.500000,180.000000,top
"C44","1uF","C_0603_1608Metric",205.552000,-62.000000,180.000000,top
"C45","100nF","C_0603_1608Metric",266.000000,-145.100000,90.000000,top
"C46","1uF","C_0603_1608Metric",264.480000,-145.100000,90.000000,top
"C47","100nF","C_0603_1608Metric",164.500000,-126.250000,270.000000,top
"C48","33uF","CP_Elec_6.3x7.7",160.300000,-149.750000,180.000000,top
"C49","1uF","C_0603_1608Metric",174.750000,-130.000000,90.000000,top
"C50","100nF","C_0603_1608Metric",170.250000,-124.750000,0.000000,top
"C51","10nF","C_0603_1608Metric",171.750000,-131.750000,0.000000,top
"C52","10nF","C_0603_1608Metric",173.250000,-121.250000,90.000000,top
"C53","100nF","C_0603_1608Metric",168.750000,-116.000000,0.000000,top
"C54","10nF","C_0603_1608Metric",170.250000,-123.000000,0.000000,top
"C55","10nF","C_0603_1608Metric",189.750000,-133.000000,180.000000,top
"C56","100nF","C_0603_1608Metric",285.750000,-7.500000,180.000000,top
"C57","100nF","C_0603_1608Metric",283.750000,-9.750000,270.000000,top
"C58","100nF","C_0603_1608Metric",288.500000,-69.000000,90.000000,top
"C59","1uF","C_0603_1608Metric",288.250000,-63.500000,90.000000,top
"C60","10uF","C_1210_3225Metric",329.000000,-54.750000,0.000000,top
"C61","10uF","C_1210_3225Metric",279.000000,-54.750000,0.000000,top
"C62","10uF","C_1210_3225Metric",316.500000,-54.750000,0.000000,top
"C63","10uF","C_1210_3225Metric",304.000000,-54.750000,0.000000,top
"C64","10uF","C_1210_3225Metric",291.500000,-54.750000,0.000000,top
"C65","10uF","C_1210_3225Metric",90.250000,-57.000000,270.000000,top
"C66","68uF","CP_Elec_8x10",99.000000,-51.250000,90.000000,top
"C67","100nF","C_0603_1608Metric",22.000000,-99.500000,0.000000,top
"C68","100nF","C_0603_1608Metric",13.000000,-87.000000,270.000000,top
"C69","10uF","C_1210_3225Metric",16.250000,-91.750000,90.000000,top
"C70","220nF","C_0805_2012Metric",26.250000,-99.000000,180.000000,top
"C71","33uF","CP_Elec_6.3x7.7",132.800000,-146.600000,270.000000,top
"C72","100nF","C_0603_1608Metric",26.712500,-100.750000,0.000000,top
"C73","220nF","C_0805_2012Metric",46.000000,-98.500000,0.000000,top
"C74","33uF","CP_Elec_6.3x7.7",132.800000,-135.800000,90.000000,top
"C75","220nF","C_0805_2012Metric",26.500000,-106.250000,180.000000,top
"C77","100nF","C_0603_1608Metric",26.750000,-102.250000,180.000000,top
"C78","220nF","C_0805_2012Metric",46.000000,-106.000000,0.000000,top
"C79","100nF","C_0603_1608Metric",45.750000,-104.250000,180.000000,top
"C81","68uF","CP_Elec_8x10",36.500000,-87.500000,90.000000,top
"C82","68uF","CP_Elec_8x10",27.000000,-87.500000,90.000000,top
"C83","10nF","C_0603_1608Metric",26.750000,-104.000000,180.000000,top
"C84","220nF","C_0805_2012Metric",22.500000,-107.000000,0.000000,top
"C85","100nF","C_0603_1608Metric",242.300000,-49.900000,0.000000,top
"C86","100nF","C_0603_1608Metric",137.000000,-114.250000,270.000000,top
"C87","100nF","C_0603_1608Metric",136.500000,-117.500000,270.000000,top
"C88","DNP","C_0603_1608Metric",133.250000,-121.500000,0.000000,top
"C89","100nF","C_0603_1608Metric",257.800000,-53.200000,180.000000,top
"C90","100nF","C_0603_1608Metric",269.306000,-113.096000,270.000000,top
"C91","100nF","C_0603_1608Metric",271.693500,-109.286000,0.000000,top
"C92","100nF","C_0603_1608Metric",276.400000,-110.200000,0.000000,top
"C93","1uF","C_0603_1608Metric",276.400000,-111.800000,0.000000,top
"C94","33uF","CP_Elec_6.3x7.7",101.000000,-124.800000,270.000000,top
"C95","10nF","C_0603_1608Metric",118.000000,-92.300000,0.000000,top
"C96","10nF","C_0603_1608Metric",114.612500,-92.300000,180.000000,top
"C97","10uF","C_1210_3225Metric",36.200000,-127.200000,270.000000,top
"C98","1nF","C_0603_1608Metric",79.900000,-113.900000,0.000000,top
"C99","47nF","C_0603_1608Metric",88.700000,-112.800000,90.000000,top
"C100","100nF","C_0603_1608Metric",103.400000,-92.000000,0.000000,top
"C101","100nF","C_0603_1608Metric",100.900000,-99.300000,90.000000,top
"C102","100nF","C_0603_1608Metric",103.400000,-90.200000,0.000000,top
"C103","10nF","C_0603_1608Metric",114.600000,-94.900000,0.000000,top
"C104","10uF","C_1210_3225Metric",91.500000,-81.600000,90.000000,top
"C105","1uF","C_0603_1608Metric",107.600000,-98.500000,180.000000,top
"C106","10nF","C_0603_1608Metric",112.600000,-110.100000,270.000000,top
"C107","10uF","C_1210_3225Metric",95.100000,-81.600000,90.000000,top
"C108","100pF","C_0603_1608Metric",68.100000,-96.400000,0.000000,top
"C109","47nF","C_0603_1608Metric",110.200000,-97.700000,90.000000,top
"C110","1uF","C_0603_1608Metric",112.000000,-97.700000,90.000000,top
"C111","100nF","C_0603_1608Metric",118.600000,-100.700000,0.000000,top
"C112","100nF","C_0603_1608Metric",118.600000,-102.500000,180.000000,top
"C113","100nF","C_0603_1608Metric",116.000000,-101.700000,270.000000,top
"C114","100pF","C_0603_1608Metric",108.600000,-110.700000,270.000000,top
"C115","100pF","C_0603_1608Metric",106.800000,-110.700000,270.000000,top
"C116","10uF","C_1210_3225Metric",68.700000,-68.600000,90.000000,top
"C117","10nF","C_0603_1608Metric",66.100000,-68.600000,90.000000,top
"C118","10uF","C_1210_3225Metric",71.900000,-68.600000,90.000000,top
"C119","10uF","C_1210_3225Metric",75.100000,-68.600000,90.000000,top
"C120","100pF","C_0603_1608Metric",103.400000,-111.100000,180.000000,top
"C121","10uF","C_1210_3225Metric",78.300000,-68.600000,90.000000,top
"C122","10uF","C_1210_3225Metric",81.500000,-68.600000,90.000000,top
"C123","10uF","C_1210_3225Metric",84.700000,-68.600000,90.000000,top
"C124","10uF","C_1210_3225Metric",87.900000,-68.600000,90.000000,top
"C125","10uF","C_1210_3225Metric",91.100000,-68.600000,90.000000,top
"C126","33uF","CP_Elec_6.3x7.7",61.100000,-65.800000,90.000000,top
"C127","33uF","CP_Elec_6.3x7.7",84.500000,-78.200000,270.000000,top
"C128","10nF","C_0603_1608Metric",19.900000,-125.700000,0.000000,top
"C129","470nF","C_0805_2012Metric",8.200000,-128.700000,180.000000,top
"C130","470nF","C_0805_2012Metric",8.200000,-131.300000,180.000000,top
"C131","470nF","C_0805_2012Metric",10.400000,-126.200000,180.000000,top
"C132","100nF","C_0603_1608Metric",55.800000,-152.600000,90.000000,top
"C133","470nF","C_0805_2012Metric",19.800000,-134.400000,0.000000,top
"C134","10nF","C_0603_1608Metric",12.800000,-136.900000,180.000000,top
"C135","10nF","C_0603_1608Metric",6.600000,-136.900000,180.000000,top
"C136","10nF","C_0603_1608Metric",15.800000,-136.900000,180.000000,top
"C137","10nF","C_0603_1608Metric",9.800000,-136.900000,180.000000,top
"C138","100nF","C_0603_1608Metric",19.800000,-138.100000,180.000000,top
"C139","2.7nF","C_0603_1608Metric",114.300000,-131.100000,270.000000,top
"C140","100pF","C_0603_1608Metric",112.500000,-131.100000,270.000000,top
"C141","10uF","C_1210_3225Metric",99.600000,-132.400000,90.000000,top
"C142","100nF","C_0603_1608Metric",118.900000,-131.100000,90.000000,top
"C143","10uF","C_1210_3225Metric",103.300000,-132.400000,90.000000,top
"C144","220nF","C_0805_2012Metric",122.700000,-131.300000,270.000000,top
"C145","220nF","C_0805_2012Metric",125.900000,-119.300000,180.000000,top
"C146","100nF","C_0603_1608Metric",113.500000,-119.100000,0.000000,top
"C147","100pF","C_0603_1608Metric",110.100000,-126.512500,90.000000,top
"C148","100nF","C_0603_1608Metric",125.700000,-123.100000,0.000000,top
"C149","10uF","C_1210_3225Metric",123.200000,-139.400000,90.000000,top
"C150","10uF","C_1210_3225Metric",123.200000,-149.000000,270.000000,top
"C151","1uF","C_0603_1608Metric",116.900000,-119.100000,180.000000,top
"C152","10uF","C_1210_3225Metric",127.000000,-149.000000,270.000000,top
"C153","10uF","C_1210_3225Metric",127.000000,-139.400000,90.000000,top
"C154","1uF","C_0603_1608Metric",116.900000,-117.300000,180.000000,top
"C155","10uF","C_1210_3225Metric",142.750000,-56.750000,270.000000,top
"C156","68uF","CP_Elec_8x10",151.500000,-51.000000,90.000000,top
"C157","100nF","C_0603_1608Metric",22.000000,-65.750000,0.000000,top
"C158","100nF","C_0603_1608Metric",13.000000,-53.250000,270.000000,top
"C159","10uF","C_1210_3225Metric",16.250000,-58.000000,90.000000,top
"C160","220nF","C_0805_2012Metric",26.250000,-65.250000,180.000000,top
"C162","100nF","C_0603_1608Metric",26.712500,-67.000000,0.000000,top
"C163","220nF","C_0805_2012Metric",46.000000,-64.750000,0.000000,top
"C165","220nF","C_0805_2012Metric",26.500000,-72.500000,180.000000,top
"C167","100nF","C_0603_1608Metric",26.750000,-68.500000,180.000000,top
"C168","220nF","C_0805_2012Metric",46.000000,-72.250000,0.000000,top
"C169","100nF","C_0603_1608Metric",45.750000,-70.500000,180.000000,top
"C171","68uF","CP_Elec_8x10",36.500000,-53.750000,90.000000,top
"C172","68uF","CP_Elec_8x10",27.000000,-53.750000,90.000000,top
"C173","10nF","C_0603_1608Metric",26.750000,-70.250000,180.000000,top
"C174","220nF","C_0805_2012Metric",22.500000,-73.250000,0.000000,top
"C175","100nF","C_0603_1608Metric",289.245000,-113.096000,270.000000,top
"C176","100nF","C_0603_1608Metric",292.039000,-109.413000,0.000000,top
"C177","100nF","C_0603_1608Metric",296.735000,-110.061000,0.000000,top
"C178","1uF","C_0603_1608Metric",296.735000,-111.585000,0.000000,top
"C179","18pF","C_0603_1608Metric",316.250000,-78.000000,90.000000,top
"C180","18pF","C_0603_1608Metric",316.250000,-81.750000,90.000000,top
"C181","100nF","C_0603_1608Metric",320.500000,-82.000000,90.000000,top
"C182","100nF","C_0603_1608Metric",330.500000,-86.750000,0.000000,top
"C183","100nF","C_0603_1608Metric",334.000000,-77.750000,90.000000,top
"C184","100nF","C_0603_1608Metric",325.250000,-74.750000,180.000000,top
"C185","100nF","C_0603_1608Metric",322.000000,-82.250000,270.000000,top
"C186","1uF","C_0603_1608Metric",50.800000,-42.800000,0.000000,top
"C187","47uF","C_1210_3225Metric",129.650000,-109.300000,180.000000,top
"C188","47uF","C_1210_3225Metric",133.150000,-64.200000,0.000000,top
"D1","BAT54J","D_SOD-323F",201.000000,-138.250000,180.000000,top
"D2","BAT54J","D_SOD-323F",304.750000,-81.500000,90.000000,top
"D3","BAT54J","D_SOD-323F",304.750000,-86.500000,270.000000,top
"D4","PDS760","D_PowerDI-5",142.150000,-93.050000,90.000000,top
"D5","Green","LED_0805_2012Metric",134.400000,-105.050000,270.000000,top
"D6","PDS760","D_PowerDI-5",120.650000,-80.450000,270.000000,top
"D7","Green","LED_0805_2012Metric",128.400000,-68.450000,90.000000,top
"D8","2.0V","D_SOD-123",174.000000,-143.000000,180.000000,top
"D9","3.3V","D_SOD-123",176.500000,-135.500000,90.000000,top
"D10","3.3V","D_SOD-123",183.500000,-134.250000,0.000000,top
"D11","1N4448W","D_SOD-123",179.500000,-135.500000,90.000000,top
"D12","1N4448W","D_SOD-123",164.750000,-134.250000,270.000000,top
"D13","1N4448W","D_SOD-123",168.250000,-134.250000,270.000000,top
"D14","1N4448W","D_SOD-123",181.750000,-131.750000,180.000000,top
"D15","20V","D_SMC",64.750000,-56.000000,0.000000,top
"D16","ES2B","D_SMA",57.750000,-46.750000,90.000000,top
"D17","Green","LED_0805_2012Metric",19.000000,-90.000000,270.000000,top
"D18","BAT54J","D_SOD-323F",21.500000,-104.250000,270.000000,top
"D19","BAT54J","D_SOD-323F",23.500000,-104.250000,90.000000,top
"D20","Yellow","LED_0805_2012Metric",49.000000,-88.750000,90.000000,top
"D21","Yellow","LED_0805_2012Metric",15.250000,-112.000000,270.000000,top
"D22","Yellow","LED_0805_2012Metric",53.250000,-88.750000,90.000000,top
"D23","Yellow","LED_0805_2012Metric",15.250000,-107.750000,270.000000,top
"D24","Yellow","LED_0805_2012Metric",15.250000,-103.750000,270.000000,top
"D25","Yellow","LED_0805_2012Metric",15.250000,-99.500000,270.000000,top
"D26","20V","D_SMC",73.400000,-132.200000,270.000000,top
"D27","BAT54J","D_SOD-323F",108.200000,-94.100000,90.000000,top
"D28","BAT54J","D_SOD-323F",106.000000,-94.100000,90.000000,top
"D29","BAT54J","D_SOD-323F",113.300000,-117.100000,180.000000,top
"D30","20V","D_SMC",117.250000,-55.750000,0.000000,top
"D31","ES2B","D_SMA",110.250000,-46.500000,90.000000,top
"D32","Green","LED_0805_2012Metric",19.000000,-56.250000,270.000000,top
"D33","BAT54J","D_SOD-323F",21.500000,-70.500000,270.000000,top
"D34","BAT54J","D_SOD-323F",23.500000,-70.500000,90.000000,top
"D35","Yellow","LED_0805_2012Metric",49.000000,-55.000000,90.000000,top
"D36","Yellow","LED_0805_2012Metric",15.250000,-78.250000,270.000000,top
"D37","Yellow","LED_0805_2012Metric",53.250000,-55.000000,90.000000,top
"D38","Yellow","LED_0805_2012Metric",15.250000,-74.000000,270.000000,top
"D39","Yellow","LED_0805_2012Metric",15.250000,-70.000000,270.000000,top
"D40","Yellow","LED_0805_2012Metric",15.250000,-65.750000,270.000000,top
"D41","Green","LED_0805_2012Metric",334.250000,-86.000000,90.000000,top
"D42","Red","LED_0805_2012Metric",334.250000,-89.500000,90.000000,top
"F1","2A","Fuse_2920_Bel_fuse",76.250000,-56.250000,180.000000,top
"F2","10A","Fuseholder_Littelfuse_OMNI-BLOK-154",80.000000,-131.585000,270.000000,top
"F3","10A","Fuseholder_Littelfuse_OMNI-BLOK-154",34.600000,-150.400000,0.000000,top
"F4","2A","Fuse_2920_Bel_fuse",128.750000,-56.000000,180.000000,top
"F5","1.1A 16V","Fuse_1812_4532Metric_Castellated",45.250000,-44.000000,0.000000,top
"G***","LOGO","RespiraWorks-Logo-With-Text-16mm",102.000000,-67.500000,0.000000,top
"G***","LOGO","steph_mark",335.948000,-31.529000,0.000000,top
"HS1","Heatsink_Pad","Heatsink_Aavid_573100D00010G_HandSolder",84.500000,-119.270000,0.000000,top
"HS2","Heatsink_Pad","Heatsink_Aavid_573100D00010G_HandSolder",84.500000,-106.400000,0.000000,top
"HS3","Heatsink_Pad","Heatsink_Aavid_573100D00010G_HandSolder",84.500000,-96.200000,0.000000,top
"HS4","Heatsink_Pad","Heatsink_Aavid_573100D00010G_HandSolder",52.600000,-125.800000,0.000000,top
"HS5","Heatsink_Pad","Heatsink_Aavid_573100D00010G_HandSolder",52.600000,-136.200000,0.000000,top
"HS6","Heatsink_Pad","Heatsink_Aavid_573100D00010G_HandSolder",52.600000,-146.400000,0.000000,top
"HS7","Heatsink_Pad","Heatsink_Aavid_573100D00010G_HandSolder",92.600000,-141.800000,270.000000,top
"J3","503182-1852","SD_Molex_5031821852",341.200000,-57.800000,270.000000,top
"J14","Pressure sensor daughterboard","PinHeader_1x04_P2.54mm_Vertical_SMD_Pin1Right",8.000000,-13.500000,90.000000,top
"J15","Pressure sensor daughterboard","PinHeader_1x04_P2.54mm_Vertical_SMD_Pin1Right",39.750000,-13.500000,0.000000,top
"J16","Pressure sensor daughterboard","PinHeader_1x04_P2.54mm_Vertical_SMD_Pin1Right",51.500000,-13.500000,90.000000,top
"J17","Pressure sensor daughterboard","PinHeader_1x04_P2.54mm_Vertical_SMD_Pin1Right",83.250000,-13.500000,0.000000,top
"J18","Pressure sensor daughterboard","PinHeader_1x04_P2.54mm_Vertical_SMD_Pin1Right",95.000000,-13.500000,90.000000,top
"J19","Pressure sensor daughterboard","PinHeader_1x04_P2.54mm_Vertical_SMD_Pin1Right",126.750000,-13.500000,0.000000,top
"J20","Pressure sensor daughterboard","PinHeader_1x04_P2.54mm_Vertical_SMD_Pin1Right",138.500000,-13.500000,90.000000,top
"J21","Pressure sensor daughterboard","PinHeader_1x04_P2.54mm_Vertical_SMD_Pin1Right",170.250000,-13.500000,0.000000,top
"J22","Pressure sensor daughterboard","PinHeader_1x04_P2.54mm_Vertical_SMD_Pin1Right",182.000000,-13.500000,90.000000,top
"J23","Pressure sensor daughterboard","PinHeader_1x04_P2.54mm_Vertical_SMD_Pin1Right",213.750000,-13.500000,0.000000,top
"J24","Pressure sensor daughterboard","PinHeader_1x04_P2.54mm_Vertical_SMD_Pin1Right",225.500000,-13.500000,90.000000,top
"J25","Pressure sensor daughterboard","PinHeader_1x04_P2.54mm_Vertical_SMD_Pin1Right",257.250000,-13.500000,0.000000,top
"J26","Pressure sensor daughterboard","PinHeader_1x04_P2.54mm_Vertical_SMD_Pin1Right",269.000000,-13.500000,90.000000,top
"J27","Pressure sensor daughterboard","PinHeader_1x04_P2.54mm_Vertical_SMD_Pin1Right",300.750000,-13.500000,0.000000,top
"J28","Pressure sensor daughterboard","PinHeader_1x04_P2.54mm_Vertical_SMD_Pin1Right",312.500000,-13.500000,90.000000,top
"J29","Pressure sensor daughterboard","PinHeader_1x04_P2.54mm_Vertical_SMD_Pin1Right",344.250000,-13.500000,0.000000,top
"J50","USB B micro","USB_Micro-B_Molex-105017-0001",346.200000,-79.250000,90.000000,top
"L1","15uH","L_TDK_SPM12565VT",131.400000,-94.050000,180.000000,top
"L2","15uH","L_TDK_SPM12565VT",131.400000,-79.450000,0.000000,top
"L3","SRP1038A-3R3M","L_Bourns_SRP1038",74.300000,-81.800000,90.000000,top
"L4","6.8uH","L_TDK_SPM12565VT",112.100000,-144.100000,0.000000,top
"Q1","MMBT3904","SOT-23",33.750000,-45.500000,180.000000,top
"Q2","MMBT3904","SOT-23",30.250000,-45.500000,0.000000,top
"Q3","MMBT3904","SOT-23",149.150000,-109.550000,90.000000,top
"Q4","MMBT3904","SOT-23",165.250000,-140.250000,90.000000,top
"Q5","MMBT3904","SOT-23",171.500000,-136.500000,180.000000,top
"Q6","MMBT3904","SOT-23",193.750000,-140.000000,270.000000,top
"Q7","MMBT2907A","SOT-23",181.000000,-140.000000,180.000000,top
"Q8","MMBT3904","SOT-23",190.250000,-140.000000,180.000000,top
"Q9","MMBT3904","SOT-23",162.500000,-115.500000,90.000000,top
"Q10","MMBT2907A","SOT-23",197.000000,-134.000000,0.000000,top
"Q11","MMBT3904","SOT-23",188.500000,-117.000000,90.000000,top
"Q12","MMBT3904","SOT-23",184.750000,-117.000000,90.000000,top
"Q13","MMBT3904","SOT-23",181.000000,-117.000000,90.000000,top
"Q14","FDS4672A","SOIC-8_3.9x4.9mm_P1.27mm",77.250000,-46.750000,90.000000,top
"Q15","MMBT3904","SOT-23",142.750000,-120.000000,270.000000,top
"Q16","BSC065N06LS5ATMA1","VSONP-8-1EP_5x6_P1.27mm",84.500000,-116.800000,270.000000,top
"Q17","BSC065N06LS5ATMA1","VSONP-8-1EP_5x6_P1.27mm",84.500000,-109.200000,90.000000,top
"Q18","BSC065N06LS5ATMA1","VSONP-8-1EP_5x6_P1.27mm",84.500000,-93.400000,270.000000,top
"Q19","BSC065N06LS5ATMA1","VSONP-8-1EP_5x6_P1.27mm",66.900000,-91.800000,90.000000,top
"Q20","SI7145DP-T1-GE3","VSONP-8-1EP_5x6_P1.27mm",52.600000,-123.000000,270.000000,top
"Q21","BSZ019N03LSATMA1","VSON-8-SGD_3.3x3.3mm_P0.65mm_NexFET",52.600000,-132.400000,270.000000,top
"Q22","BSZ019N03LSATMA1","VSON-8-SGD_3.3x3.3mm_P0.65mm_NexFET",52.600000,-150.400000,90.000000,top
"Q23","MMBT3904","SOT-23",125.700000,-131.300000,270.000000,top
"Q24","BSZ019N03LSATMA1","VSON-8-SGD_3.3x3.3mm_P0.65mm_NexFET",96.600000,-141.800000,180.000000,top
"Q25","BSZ019N03LSATMA1","VSON-8-SGD_3.3x3.3mm_P0.65mm_NexFET",101.000000,-148.800000,90.000000,top
"Q26","FDS4672A","SOIC-8_3.9x4.9mm_P1.27mm",129.750000,-46.500000,90.000000,top
"Q27","MMBT3904","SOT-23",336.000000,-74.250000,0.000000,top
"R1","1k","R_0603_1608Metric",282.133000,-145.481000,270.000000,top
"R2","1k","R_0603_1608Metric",283.784000,-145.481000,270.000000,top
"R3","1k","R_0603_1608Metric",310.708000,-144.846000,270.000000,top
"R4","1k","R_0603_1608Metric",37.000000,-46.500000,180.000000,top
"R5","1k","R_0603_1608Metric",32.750000,-43.000000,0.000000,top
"R6","1k","R_0603_1608Metric",29.200000,-42.200000,90.000000,top
"R7","1k","R_0603_1608Metric",295.722000,-146.624000,0.000000,top
"R8","1k","R_0603_1608Metric",276.037000,-145.481000,90.000000,top
"R9","4.7k","R_0603_1608Metric",215.331000,-58.359000,180.000000,top
"R10","100k","R_0603_1608Metric",291.531000,-98.364000,90.000000,top
"R11","100k","R_0603_1608Metric",293.055000,-98.364000,90.000000,top
"R12","100k","R_0603_1608Metric",294.579000,-98.364000,90.000000,top
"R13","100k","R_0603_1608Metric",296.103000,-98.368500,90.000000,top
"R14","100k","R_0603_1608Metric",297.627000,-98.364000,90.000000,top
"R15","100k","R_0603_1608Metric",299.151000,-98.364000,90.000000,top
"R16","100k","R_0603_1608Metric",300.675000,-98.368500,90.000000,top
"R17","100k","R_0603_1608Metric",292.000000,-103.600000,180.000000,top
"R18","4.7k","R_0603_1608Metric",181.803000,-55.946000,0.000000,top
"R19","4.7k","R_0603_1608Metric",181.803000,-54.422000,0.000000,top
"R20","1k","R_0603_1608Metric",150.150000,-113.050000,90.000000,top
"R21","1k","R_0603_1608Metric",147.650000,-112.300000,0.000000,top
"R22","0","R_0603_1608Metric",334.037500,-44.250000,180.000000,top
"R23","316k","R_0603_1608Metric",149.150000,-105.800000,0.000000,top
"R24","52.3k","R_0603_1608Metric",149.900000,-103.050000,90.000000,top
"R25","249k","R_0603_1608Metric",148.150000,-101.800000,90.000000,top
"R26","16.9k","R_0603_1608Metric",147.150000,-96.050000,0.000000,top
"R27","52.3k","R_0603_1608Metric",149.900000,-98.800000,90.000000,top
"R28","10k","R_0603_1608Metric",148.150000,-98.800000,270.000000,top
"R29","2k","R_0603_1608Metric",134.400000,-108.300000,90.000000,top
"R30","316k","R_0603_1608Metric",113.650000,-67.700000,180.000000,top
"R31","52.3k","R_0603_1608Metric",112.900000,-70.450000,270.000000,top
"R32","249k","R_0603_1608Metric",114.650000,-71.700000,270.000000,top
"R33","16.9k","R_0603_1608Metric",115.650000,-77.450000,180.000000,top
"R34","52.3k","R_0603_1608Metric",112.900000,-74.700000,270.000000,top
"R35","10k","R_0603_1608Metric",114.650000,-74.700000,90.000000,top
"R36","2k","R_0603_1608Metric",128.400000,-65.200000,270.000000,top
"R37","10k","R_0603_1608Metric",333.900000,-67.800000,0.000000,top
"R38","100","R_0603_1608Metric",174.310000,-73.980000,270.000000,top
"R39","0","R_0603_1608Metric",187.899000,-44.897000,90.000000,top
"R40","0","R_0603_1608Metric",187.899000,-47.945000,270.000000,top
"R41","4.7k","R_0603_1608Metric",189.042000,-69.789000,90.000000,top
"R42","0","R_0603_1608Metric",215.331000,-59.883000,0.000000,top
"R43","0","R_0603_1608Metric",212.200000,-60.899000,0.000000,top
"R44","10k","R_0603_1608Metric",185.994000,-54.549000,0.000000,top
"R45","0","R_0603_1608Metric",209.616000,-62.550000,270.000000,top
"R46","0","R_0603_1608Metric",201.000000,-63.400000,270.000000,top
"R47","0","R_0603_1608Metric",193.487000,-64.836000,270.000000,top
"R48","0","R_0603_1608Metric",196.408000,-63.058000,270.000000,top
"R49","0","R_0603_1608Metric",197.932000,-63.058000,270.000000,top
"R50","0","R_0603_1608Metric",313.248000,-145.608000,0.000000,top
"R51","0","R_0603_1608Metric",317.058000,-145.608000,0.000000,top
"R52","0","R_0603_1608Metric",293.690000,-145.040000,0.000000,top
"R53","0","R_0603_1608Metric",297.500000,-145.040000,0.000000,top
"R54","10k","R_0603_1608Metric",167.750000,-142.250000,270.000000,top
"R55","10k","R_0603_1608Metric",165.000000,-143.000000,0.000000,top
"R56","10k","R_0603_1608Metric",165.000000,-137.500000,0.000000,top
"R57","10k","R_0603_1608Metric",173.500000,-134.000000,0.000000,top
"R58","10k","R_0603_1608Metric",184.250000,-136.750000,0.000000,top
"R59","10k","R_0603_1608Metric",174.250000,-136.500000,90.000000,top
"R60","10k","R_0603_1608Metric",192.500000,-136.500000,90.000000,top
"R61","10k","R_0603_1608Metric",168.000000,-137.500000,180.000000,top
"R62","1M","R_0603_1608Metric",190.000000,-137.250000,0.000000,top
"R63","100k","R_0603_1608Metric",162.750000,-126.250000,270.000000,top
"R64","2k","R_0603_1608Metric",187.500000,-140.000000,270.000000,top
"R65","10k","R_0603_1608Metric",183.500000,-140.000000,90.000000,top
"R66","100k","R_0603_1608Metric",174.750000,-127.000000,90.000000,top
"R67","442k","R_0603_1608Metric",176.250000,-128.250000,90.000000,top
"R68","10k","R_0603_1608Metric",185.500000,-140.000000,90.000000,top
"R69","52.3k","R_0603_1608Metric",173.250000,-118.250000,90.000000,top
"R70","249k","R_0603_1608Metric",174.750000,-119.750000,90.000000,top
"R71","100k","R_0603_1608Metric",187.500000,-132.250000,270.000000,top
"R72","100k","R_0603_1608Metric",188.250000,-134.750000,0.000000,top
"R73","1k","R_0603_1608Metric",163.750000,-121.000000,270.000000,top
"R74","1k","R_0603_1608Metric",162.500000,-118.250000,0.000000,top
"R75","680","R_0603_1608Metric",198.000000,-130.750000,270.000000,top
"R76","10k","R_0603_1608Metric",196.250000,-130.750000,270.000000,top
"R77","1M","R_0603_1608Metric",194.500000,-135.750000,90.000000,top
"R78","1M","R_0603_1608Metric",196.750000,-136.750000,180.000000,top
"R79","1k","R_0603_1608Metric",188.500000,-122.250000,180.000000,top
"R80","1k","R_0603_1608Metric",188.500000,-119.500000,0.000000,top
"R81","10k","R_0603_1608Metric",199.750000,-130.750000,90.000000,top
"R82","1k","R_0603_1608Metric",184.750000,-122.250000,180.000000,top
"R83","1k","R_0603_1608Metric",184.750000,-119.500000,0.000000,top
"R84","10k","R_0603_1608Metric",199.500000,-135.750000,270.000000,top
"R85","1k","R_0603_1608Metric",181.000000,-122.250000,180.000000,top
"R86","1k","R_0603_1608Metric",181.000000,-119.500000,0.000000,top
"R87","4.7k","R_0603_1608Metric",179.263000,-104.460000,0.000000,top
"R88","4.7k","R_0603_1608Metric",177.739000,-112.969000,0.000000,top
"R89","0","R_1206_3216Metric",189.931000,-144.719000,0.000000,top
"R90","0","R_0603_1608Metric",290.500000,-10.750000,180.000000,top
"R91","0","R_0603_1608Metric",290.500000,-12.250000,180.000000,top
"R92","10k","R_0603_1608Metric",276.750000,-68.500000,270.000000,top
"R93","10k","R_0603_1608Metric",278.500000,-71.750000,270.000000,top
"R94","10k","R_0603_1608Metric",276.750000,-71.750000,90.000000,top
"R95","10k","R_0603_1608Metric",278.500000,-65.250000,90.000000,top
"R96","10k","R_0603_1608Metric",276.750000,-65.250000,270.000000,top
"R97","10k","R_0603_1608Metric",279.250000,-69.500000,0.000000,top
"R98","10k","R_0603_1608Metric",279.250000,-67.500000,0.000000,top
"R99","2k","R_0603_1608Metric",284.250000,-66.000000,180.000000,top
"R100","10k","R_0603_1608Metric",287.250000,-66.000000,180.000000,top
"R101","1.5k","R_0603_1608Metric",286.500000,-63.500000,90.000000,top
"R102","220 0.1%","R_0603_1608Metric",325.000000,-54.000000,0.000000,top
"R103","10k 0.1%","R_0603_1608Metric",325.000000,-55.750000,180.000000,top
"R104","220 0.1%","R_0603_1608Metric",275.000000,-54.000000,0.000000,top
"R105","10k 0.1%","R_0603_1608Metric",275.000000,-55.750000,180.000000,top
"R106","220 0.1%","R_0603_1608Metric",312.500000,-54.000000,0.000000,top
"R107","10k 0.1%","R_0603_1608Metric",312.500000,-55.750000,180.000000,top
"R108","220 0.1%","R_0603_1608Metric",300.000000,-54.000000,0.000000,top
"R109","10k 0.1%","R_0603_1608Metric",300.000000,-55.750000,180.000000,top
"R110","220 0.1%","R_0603_1608Metric",287.500000,-54.000000,0.000000,top
"R111","10k 0.1%","R_0603_1608Metric",287.500000,-55.750000,180.000000,top
"R112","100k","R_0603_1608Metric",84.750000,-44.000000,270.000000,top
"R113","10k","R_0603_1608Metric",90.750000,-44.000000,90.000000,top
"R114","52.3k","R_0603_1608Metric",86.500000,-44.000000,270.000000,top
"R115","1k","R_0603_1608Metric",80.000000,-51.500000,0.000000,top
"R116","1.5k","R_0603_1608Metric",89.750000,-47.250000,270.000000,top
"R117","10k","R_0603_1608Metric",77.000000,-51.500000,180.000000,top
"R118","4.02k","R_0603_1608Metric",91.500000,-47.250000,270.000000,top
"R119","0","R_1206_3216Metric",73.250000,-46.750000,270.000000,top
"R120","0","R_1206_3216Metric",86.250000,-55.750000,180.000000,top
"R121","0","R_1206_3216Metric",13.250000,-91.750000,90.000000,top
"R122","0","R_0603_1608Metric",22.000000,-97.750000,0.000000,top
"R123","0","R_0603_1608Metric",22.000000,-101.000000,0.000000,top
"R124","39k","R_0603_1608Metric",46.500000,-84.500000,0.000000,top
"R125","1k","R_0603_1608Metric",15.000000,-87.000000,270.000000,top
"R126","0","R_1206_3216Metric",43.000000,-89.750000,90.000000,top
"R127","0","R_0603_1608Metric",17.000000,-87.000000,270.000000,top
"R128","1k","R_0603_1608Metric",18.750000,-93.250000,90.000000,top
"R129","39k","R_0603_1608Metric",51.250000,-88.750000,90.000000,top
"R130","39k","R_0603_1608Metric",47.000000,-88.750000,90.000000,top
"R131","4.02k","R_0603_1608Metric",17.250000,-111.750000,270.000000,top
"R132","1k","R_0603_1608Metric",52.250000,-86.250000,180.000000,top
"R133","1k","R_0603_1608Metric",48.250000,-86.250000,180.000000,top
"R134","4.02k","R_0603_1608Metric",17.250000,-107.500000,270.000000,top
"R135","4.02k","R_0603_1608Metric",17.250000,-103.500000,270.000000,top
"R136","4.02k","R_0603_1608Metric",17.250000,-99.250000,270.000000,top
"R137","10k","R_0603_1608Metric",133.500000,-113.000000,180.000000,top
"R138","10k","R_0603_1608Metric",133.250000,-120.000000,180.000000,top
"R139","1k","R_0603_1608Metric",146.000000,-119.000000,0.000000,top
"R140","0","R_0603_1608Metric",135.500000,-120.750000,90.000000,top
"R141","1k","R_0603_1608Metric",142.750000,-117.500000,180.000000,top
"R142","4.7k","R_0603_1608Metric",262.500000,-49.100000,180.000000,top
"R143","4.7k","R_0603_1608Metric",262.500000,-50.800000,180.000000,top
"R144","4.7k","R_0603_1608Metric",262.500000,-52.600000,180.000000,top
"R145","4.7k","R_0603_1608Metric",262.500000,-44.000000,180.000000,top
"R146","4.7k","R_0603_1608Metric",262.500000,-45.700000,180.000000,top
"R147","4.7k","R_0603_1608Metric",262.500000,-47.400000,180.000000,top
"R148","4.7k","R_0603_1608Metric",249.000000,-46.500000,0.000000,top
"R149","4.7k","R_0603_1608Metric",249.000000,-45.000000,0.000000,top
"R150","4.7k","R_0603_1608Metric",249.000000,-43.500000,0.000000,top
"R151","4.7k","R_0603_1608Metric",249.000000,-51.200000,0.000000,top
"R152","4.7k","R_0603_1608Metric",249.000000,-49.600000,0.000000,top
"R153","4.7k","R_0603_1608Metric",249.000000,-48.050000,0.000000,top
"R154","0","R_0603_1608Metric",322.000000,-33.100000,180.000000,top
"R155","0","R_0603_1608Metric",300.550000,-33.200000,0.000000,top
"R156","0","R_0603_1608Metric",278.850000,-33.050000,0.000000,top
"R157","0","R_0603_1608Metric",257.800000,-33.200000,0.000000,top
"R158","0","R_0603_1608Metric",271.719000,-107.635000,180.000000,top
"R159","DNP","R_0603_1608Metric",281.117000,-111.191000,0.000000,top
"R160","10k","R_0603_1608Metric",281.117000,-109.667000,180.000000,top
"R161","DNP","R_0603_1608Metric",280.228000,-106.746000,90.000000,top
"R162","10k","R_0603_1608Metric",281.752000,-106.746000,270.000000,top
"R163","442k","R_0603_1608Metric",118.000000,-90.500000,180.000000,top
"R164","39k","R_0603_1608Metric",118.000000,-88.700000,0.000000,top
"R165","39k","R_0603_1608Metric",118.000000,-86.900000,180.000000,top
"R166","442k","R_0603_1608Metric",114.600000,-90.500000,0.000000,top
"R167","39k","R_0603_1608Metric",114.600000,-88.700000,180.000000,top
"R168","39k","R_0603_1608Metric",114.600000,-86.900000,0.000000,top
"R169","442k","R_0603_1608Metric",103.400000,-107.500000,0.000000,top
"R170","100k","R_0603_1608Metric",103.400000,-109.300000,180.000000,top
"R171","52.3k","R_0603_1608Metric",114.600000,-98.500000,0.000000,top
"R172","10k","R_0603_1608Metric",114.600000,-96.700000,0.000000,top
"R173","0.005","R_2512_6332Metric",97.600000,-101.000000,270.000000,top
"R174","10","R_0603_1608Metric",107.600000,-96.700000,0.000000,top
"R175","316k","R_0603_1608Metric",115.200000,-111.100000,180.000000,top
"R176","100k","R_0603_1608Metric",115.200000,-112.900000,0.000000,top
"R177","0","R_0603_1608Metric",103.400000,-98.500000,0.000000,top
"R178","0","R_0603_1608Metric",103.400000,-100.300000,180.000000,top
"R179","4.02k","R_0603_1608Metric",103.400000,-103.900000,180.000000,top
"R180","4.02k","R_0603_1608Metric",103.400000,-102.100000,180.000000,top
"R181","10k","R_0603_1608Metric",117.800000,-106.900000,90.000000,top
"R182","10k","R_0603_1608Metric",116.800000,-104.300000,0.000000,top
"R183","3M","R_0603_1608Metric",115.200000,-109.300000,0.000000,top
"R184","0","R_0603_1608Metric",116.000000,-106.900000,90.000000,top
"R185","10k","R_0603_1608Metric",103.400000,-105.700000,0.000000,top
"R186","0","R_0603_1608Metric",48.200000,-118.300000,270.000000,top
"R187","30.1k","R_0603_1608Metric",110.400000,-110.700000,270.000000,top
"R188","0.005","R_2512_6332Metric",56.500000,-116.400000,0.000000,top
"R189","1k","R_0603_1608Metric",19.900000,-127.200000,180.000000,top
"R190","2k","R_1206_3216Metric",20.400000,-129.200000,0.000000,top
"R191","10k","R_0603_1608Metric",10.400000,-124.200000,180.000000,top
"R192","100","R_0603_1608Metric",20.000000,-131.100000,180.000000,top
"R193","100","R_0603_1608Metric",20.000000,-132.600000,180.000000,top
"R194","0.005","R_2512_6332Metric",32.500000,-125.800000,90.000000,top
"R195","1k","R_0603_1608Metric",13.000000,-125.700000,90.000000,top
"R196","49.9","R_1206_3216Metric",17.100000,-140.300000,270.000000,top
"R197","49.9","R_1206_3216Metric",14.600000,-140.300000,270.000000,top
"R198","49.9","R_1206_3216Metric",12.100000,-140.300000,270.000000,top
"R199","49.9","R_1206_3216Metric",9.600000,-140.300000,270.000000,top
"R201","10","R_0603_1608Metric",19.800000,-136.300000,180.000000,top
"R202","10k","R_0603_1608Metric",128.500000,-129.500000,90.000000,top
"R203","10k","R_0603_1608Metric",125.700000,-126.700000,180.000000,top
"R204","10k","R_0603_1608Metric",125.700000,-124.900000,0.000000,top
"R205","10k","R_0603_1608Metric",125.700000,-128.500000,0.000000,top
"R206","6.49k","R_0603_1608Metric",114.300000,-134.300000,270.000000,top
"R207","10k","R_0603_1608Metric",120.700000,-131.100000,90.000000,top
"R208","52.3k","R_0603_1608Metric",125.700000,-121.300000,0.000000,top
"R209","10","R_0603_1608Metric",120.300000,-119.100000,0.000000,top
"R210","10","R_0603_1608Metric",110.100000,-123.100000,270.000000,top
"R211","0.005","R_2512_6332Metric",125.000000,-144.200000,180.000000,top
"R212","100k","R_0603_1608Metric",108.900000,-131.100000,90.000000,top
"R213","10k","R_0603_1608Metric",107.100000,-131.100000,270.000000,top
"R214","1M","R_0603_1608Metric",110.700000,-131.100000,90.000000,top
"R215","10k","R_0603_1608Metric",117.100000,-131.100000,90.000000,top
"R216","100k","R_0603_1608Metric",137.250000,-43.750000,270.000000,top
"R217","10k","R_0603_1608Metric",143.250000,-43.750000,90.000000,top
"R218","52.3k","R_0603_1608Metric",139.000000,-43.750000,270.000000,top
"R219","1k","R_0603_1608Metric",132.500000,-51.250000,0.000000,top
"R220","1.5k","R_0603_1608Metric",142.250000,-47.000000,270.000000,top
"R221","10k","R_0603_1608Metric",129.500000,-51.250000,180.000000,top
"R222","4.02k","R_0603_1608Metric",144.000000,-47.000000,270.000000,top
"R223","0","R_1206_3216Metric",125.750000,-46.500000,270.000000,top
"R224","0","R_1206_3216Metric",138.750000,-55.500000,180.000000,top
"R225","0","R_1206_3216Metric",13.250000,-58.000000,90.000000,top
"R226","0","R_0603_1608Metric",22.000000,-64.000000,0.000000,top
"R227","0","R_0603_1608Metric",22.000000,-67.250000,0.000000,top
"R228","39k","R_0603_1608Metric",46.500000,-50.750000,0.000000,top
"R229","1k","R_0603_1608Metric",15.000000,-53.250000,270.000000,top
"R230","0","R_1206_3216Metric",43.000000,-56.000000,90.000000,top
"R231","0","R_0603_1608Metric",17.000000,-53.250000,270.000000,top
"R232","1k","R_0603_1608Metric",18.750000,-59.500000,90.000000,top
"R233","39k","R_0603_1608Metric",51.250000,-55.000000,90.000000,top
"R234","39k","R_0603_1608Metric",47.000000,-55.000000,90.000000,top
"R235","4.02k","R_0603_1608Metric",17.250000,-78.000000,270.000000,top
"R236","1k","R_0603_1608Metric",52.250000,-52.500000,180.000000,top
"R237","1k","R_0603_1608Metric",48.250000,-52.500000,180.000000,top
"R238","4.02k","R_0603_1608Metric",17.250000,-73.750000,270.000000,top
"R239","4.02k","R_0603_1608Metric",17.250000,-69.750000,270.000000,top
"R240","4.02k","R_0603_1608Metric",17.250000,-65.500000,270.000000,top
"R241","0","R_0603_1608Metric",292.039000,-107.762000,180.000000,top
"R242","DNP","R_0603_1608Metric",301.183000,-110.302000,0.000000,top
"R243","10k","R_0603_1608Metric",301.183000,-111.826000,180.000000,top
"R244","DNP","R_0603_1608Metric",300.675000,-106.492000,90.000000,top
"R245","10k","R_0603_1608Metric",302.326000,-106.492000,270.000000,top
"R246","100k","R_0603_1608Metric",337.250000,-77.750000,270.000000,top
"R247","1.5k","R_0603_1608Metric",335.500000,-77.750000,90.000000,top
"R248","0","R_0603_1608Metric",336.500000,-80.000000,0.000000,top
"R249","0","R_0603_1608Metric",336.500000,-81.500000,180.000000,top
"R250","10k","R_0603_1608Metric",332.000000,-74.000000,270.000000,top
"R251","39k","R_0603_1608Metric",333.500000,-74.000000,90.000000,top
"R252","100","R_0603_1608Metric",330.250000,-74.000000,90.000000,top
"R253","4.7k","R_0603_1608Metric",320.500000,-86.250000,180.000000,top
"R254","4.7k","R_0603_1608Metric",320.500000,-84.750000,0.000000,top
"R255","1k","R_0603_1608Metric",336.000000,-86.000000,90.000000,top
"R256","1k","R_0603_1608Metric",336.000000,-89.500000,90.000000,top
"R257","100k","R_0603_1608Metric",327.500000,-72.250000,90.000000,top
"R258","100k","R_0603_1608Metric",319.750000,-79.750000,0.000000,top
"R259","DNP","R_0603_1608Metric",320.500000,-76.250000,0.000000,top
"R260","100","R_0603_1608Metric",334.000000,-82.750000,90.000000,top
"R261","10k","R_0603_1608Metric",320.500000,-74.750000,0.000000,top
"S1","CT-1205H-SMT","CT-1205H-SMT-TR",165.250000,-95.000000,0.000000,top
"S2","CT-1205H-SMT","CT-1205H-SMT-TR",221.000000,-95.000000,0.000000,top
"S3","CT-1205H-SMT","CT-1205H-SMT-TR",202.500000,-95.000000,0.000000,top
"S4","CT-1205H-SMT","CT-1205H-SMT-TR",184.000000,-95.000000,0.000000,top
"SW1","User TBD","SW_Push_6x6",148.529000,-67.503000,270.000000,top
"SW2","Reset CC","SW_Push_6x6",233.238000,-77.155000,90.000000,top
"TH1","10k","R_0603_1608Metric",14.600000,-125.700000,90.000000,top
"TP39","TestPoint_Flag","TestPoint_Keystone_5019_Minature",164.500000,-65.000000,0.000000,top
"TP40","TestPoint_Flag","TestPoint_Keystone_5019_Minature",22.000000,-41.500000,0.000000,top
"TP41","TestPoint_Flag","TestPoint_Keystone_5019_Minature",108.000000,-84.000000,0.000000,top
"TP42","TestPoint_Flag","TestPoint_Keystone_5019_Minature",151.000000,-88.000000,0.000000,top
"TP44","TestPoint_Flag","TestPoint_Keystone_5019_Minature",256.000000,-75.500000,0.000000,top
"TP45","TestPoint_Flag","TestPoint_Keystone_5019_Minature",155.500000,-121.500000,0.000000,top
"TP46","TestPoint_Flag","TestPoint_Keystone_5019_Minature",346.500000,-42.000000,0.000000,top
"TP47","TestPoint_Flag","TestPoint_Keystone_5019_Minature",244.500000,-151.000000,0.000000,top
"TP50","TestPoint_Flag","TestPoint_Keystone_5019_Minature",6.500000,-118.000000,0.000000,top
"TP51","TestPoint_Flag","TestPoint_Keystone_5019_Minature",235.500000,-47.500000,0.000000,top
"TP52","TestPoint_Flag","TestPoint_Keystone_5019_Minature",27.000000,-118.000000,0.000000,top
"TP53","TestPoint_Flag","TestPoint_Keystone_5019_Minature",322.500000,-94.500000,0.000000,top
"TP57","TestPoint_Flag","TestPoint_Keystone_5019_Minature",300.500000,-84.000000,0.000000,top
"TP58","TestPoint_Flag","TestPoint_Keystone_5019_Minature",327.000000,-37.700000,90.000000,top
"TP60","TestPoint_Flag","TestPoint_Keystone_5019_Minature",124.650000,-107.050000,270.000000,top
"TP62","TestPoint_Flag","TestPoint_Keystone_5019_Minature",298.750000,-90.000000,0.000000,top
"TP64","TestPoint_Flag","TestPoint_Keystone_5019_Minature",138.150000,-66.450000,90.000000,top
"TP66","TestPoint_Flag","TestPoint_Keystone_5019_Minature",295.976000,-71.186000,180.000000,top
"TP100","TestPoint_Flag","TestPoint_Keystone_5019_Minature",69.250000,-50.750000,0.000000,top
"TP101","TestPoint_Flag","TestPoint_Keystone_5019_Minature",69.250000,-43.750000,180.000000,top
"TP117","TestPoint_Flag","TestPoint_Keystone_5019_Minature",121.750000,-50.500000,0.000000,top
"TP118","TestPoint_Flag","TestPoint_Keystone_5019_Minature",121.750000,-43.500000,180.000000,top
"U1","TPS54561","WSON-10-1EP_4x4mm_P0.8mm_EP2.6x3mm",145.150000,-100.050000,90.000000,top
"U2","LD39050PU33R","DFN-6-1EP_3x3mm_P0.95mm_EP1.75x2.5mm",294.250000,-84.750000,0.000000,top
"U3","TPS54561","WSON-10-1EP_4x4mm_P0.8mm_EP2.6x3mm",117.650000,-73.450000,270.000000,top
"U4","LD39050PU33R","DFN-6-1EP_3x3mm_P0.95mm_EP1.75x2.5mm",300.750000,-74.000000,180.000000,top
"U5","STM32L496VGT","LQFP-100_14x14mm_P0.5mm",199.964000,-51.755000,90.000000,top
"U6","TLC555","SOIC-8_3.9x4.9mm_P1.27mm",170.250000,-128.250000,0.000000,top
"U7","TLC555","SOIC-8_3.9x4.9mm_P1.27mm",168.750000,-119.500000,0.000000,top
"U8","TL431LI","SOT-23",193.500000,-132.500000,270.000000,top
"U9","BMP280","Bosch_BMP280",285.750000,-9.750000,0.000000,top
"U10","INA333AIDGKR","VSSOP-8_3.0x3.0mm_P0.65mm",284.250000,-68.500000,0.000000,top
"U11","USBLC6-2SC6","SOT-23-6",321.500000,-54.750000,0.000000,top
"U12","USBLC6-2SC6","SOT-23-6",271.500000,-54.750000,0.000000,top
"U13","USBLC6-2SC6","SOT-23-6",309.000000,-54.750000,0.000000,top
"U14","USBLC6-2SC6","SOT-23-6",296.500000,-54.750000,0.000000,top
"U15","USBLC6-2SC6","SOT-23-6",284.000000,-54.750000,0.000000,top
"U16","TPS1H100A","TSSOP-14-1EP_4.4x5mm_P0.65mm",86.750000,-51.750000,0.000000,top
"U17","L6470PD","ST_POWERSO36_ThermalVias",36.250000,-102.500000,0.000000,top
"U18","24LC256T-I_MS","TSSOP-8_3x3mm_P0.65mm",241.125001,-52.490001,0.000000,top
"U19","SN74LVC2T45DCTR","SSOP-8_2.95x2.8mm_P0.65mm",134.000000,-116.500000,270.000000,top
"U20","TCA9544APWR","TSSOP-20_4.4x6.5mm_P0.65mm",255.500000,-48.750000,180.000000,top
"U21","LM4120-IM5X-3.3","SOT-23-5",272.481000,-112.588000,0.000000,top
"U22","ADC128D818","TSSOP-16_4.4x5mm_P0.65mm",276.376001,-105.492999,90.000000,top
"U23","BQ24773","QFN-28-1EP_4x4mm_P0.4mm_EP2.6x2.6mm_ThermalVias",109.800000,-104.100000,0.000000,top
"U24","MAX17320G20+","WQFN-24-1EP_4x4mm_P0.5mm_EP2.6x2.6mm",13.400000,-130.700000,180.000000,top
"U25","LM5141","VQFN-24-1EP_4x4mm_P0.5mm_EP2.45x2.45mm_ThermalVias",117.100000,-125.000000,180.000000,top
"U26","TPS1H100A","TSSOP-14-1EP_4.4x5mm_P0.65mm",139.250000,-51.500000,0.000000,top
"U27","L6470PD","ST_POWERSO36_ThermalVias",36.250000,-68.750000,0.000000,top
"U28","LM4120-IM5X-3.3","SOT-23-5",293.309000,-112.461000,0.000000,top
"U29","ADC128D818","TSSOP-16_4.4x5mm_P0.65mm",296.921001,-105.267999,90.000000,top
"U30","STM32F103CBT6","LQFP-48_7x7mm_P0.5mm",328.000000,-80.750000,0.000000,top
"U31","ShieldConnectors","stm32shield",188.960000,-33.000000,0.000000,top
"Y1","8 Mhz","Crystal_SMD_HC49-SD",223.205000,-53.533000,90.000000,top
"Y2","32.768 kHz","Crystal_SMD_Abracon_ABS25",197.678000,-69.408000,270.000000,top
"Y3","8 Mhz","Crystal_SMD_HC49-SD",312.750000,-81.500000,270.000000,top
